Candidate ID,Name,Score,Reason
4,Linda Smith,88,"Linda Smith là một ứng viên rất phù hợp cho vị trí Lập trình Viên React Junior.  Với hơn ba năm kinh nghiệm với React và Next.js, cô ấy vượt quá yêu cầu kinh nghiệm 1-2 năm của mô tả công việc.  Kinh nghiệm của cô ấy với Vercel AI SDK và CrewAI, mặc dù không được đề cập cụ thể trong mô tả công việc, lại là một điểm cộng rất lớn, cho thấy khả năng thích ứng và học hỏi nhanh chóng của cô ấy với các công nghệ mới, đặc biệt là trong lĩnh vực AI, một yếu tố quan trọng của dự án.  Việc cô ấy tập trung vào việc tạo giao diện thân thiện với người dùng và tối ưu hóa hiệu suất cũng phù hợp với các yêu cầu của công việc.  Mặc dù tiểu sử không đề cập rõ ràng đến các kỹ năng như TypeScript, Git, và RESTful APIs, nhưng kinh nghiệm của cô ấy với React và Next.js ngầm hiểu rằng cô ấy thành thạo các công nghệ này.  Khả năng làm việc độc lập và chủ động cũng như kỹ năng giải quyết vấn đề là những điểm mạnh được ngầm hiểu từ kinh nghiệm của cô ấy.  Tuy nhiên, điểm số không phải là 100 vì tiểu sử thiếu thông tin cụ thể về các kỹ năng được yêu cầu như TypeScript, Git và RESTful APIs.  Để đạt điểm cao hơn, Linda cần cung cấp thêm thông tin chứng minh rõ ràng về kinh nghiệm thực tế với các kỹ năng này.  Tổng thể, tiềm năng phát triển của Linda là rất cao, cô ấy có thể nhanh chóng thích nghi với môi trường làm việc và đóng góp tích cực cho dự án."
7,Robert Johnson,88,"Robert Johnson là một ứng viên tiềm năng cho vị trí Lập trình viên React Junior. Điểm mạnh của anh ấy nằm ở kinh nghiệm làm việc với React và đặc biệt là việc tích hợp AI vào các ứng dụng, thể hiện qua việc xây dựng recommendation engine sử dụng Vercel AI SDK.  Điều này rất phù hợp với yêu cầu công việc, đặc biệt là khả năng tích hợp Vercel AI SDK.  Mặc dù tiểu sử không nêu rõ kinh nghiệm với Next.js, nhưng kiến thức sâu rộng về React và AI cho thấy khả năng học hỏi và thích nghi nhanh chóng với công nghệ mới.  Kỹ năng chú trọng chi tiết và khả năng viết mã chất lượng cao cũng là những điểm cộng.  Tuy nhiên, điểm số không đạt 100 vì tiểu sử thiếu thông tin về kinh nghiệm cụ thể với Next.js và thời lượng kinh nghiệm front-end chỉ được mô tả là ""nhiều dự án"" mà chưa xác định rõ thời gian cụ thể (1-2 năm như yêu cầu).  Việc thiếu thông tin về kinh nghiệm với Git, RESTful APIs, cũng như khả năng làm việc nhóm và giải quyết vấn đề cần được làm rõ hơn trong quá trình phỏng vấn.  Tuy nhiên, tiềm năng phát triển của anh ấy là rất cao dựa trên kinh nghiệm hiện có và sự quan tâm đến công nghệ tiên tiến.  Nhìn chung, Robert có đủ kỹ năng cốt lõi và tiềm năng để thành công trong vai trò này, chỉ cần bổ sung thêm thông tin chi tiết trong quá trình phỏng vấn để đánh giá chính xác hơn."
12,Daniel Martinez,88,"Ứng viên Daniel Martinez đạt điểm 88/100 dựa trên đánh giá toàn diện hồ sơ.  Ưu điểm nổi bật của anh ấy là kinh nghiệm thực tế với React và việc tích cực tìm hiểu và ứng dụng các công nghệ AI vào dự án, thể hiện qua việc sử dụng Vercel AI SDK và CrewAI. Điều này cho thấy sự chủ động, ham học hỏi và khả năng thích nghi nhanh chóng với công nghệ mới – những yếu tố rất cần thiết cho vị trí Lập trình viên React Junior.  Kinh nghiệm của Daniel, mặc dù không cụ thể về số năm, nhưng việc anh ấy đã tích hợp AI vào dự án cho thấy anh ấy có khả năng làm việc với các công nghệ phức tạp và có thể đáp ứng được yêu cầu về Vercel AI SDK của mô tả công việc.  Tuy nhiên, điểm trừ nhỏ là mô tả không đề cập đến kinh nghiệm với Next.js, một yêu cầu quan trọng của vị trí.  Việc anh ấy chưa đề cập đến kinh nghiệm cụ thể về số năm làm việc cũng khiến tôi không thể đánh giá chính xác mức độ phù hợp với yêu cầu ""1-2 năm kinh nghiệm"".  Tuy nhiên, dựa trên sự tự tin thể hiện trong tiểu sử và việc tích cực học hỏi công nghệ mới, tôi tin rằng anh ấy có tiềm năng phát triển rất tốt và có thể nhanh chóng bắt kịp yêu cầu công việc.  Sự phù hợp với văn hóa công ty được suy đoán dựa trên việc anh ấy thích những dự án thử thách và hướng đến cải thiện trải nghiệm người dùng, điều này cho thấy sự năng động và sáng tạo – những phẩm chất được đánh giá cao trong môi trường làm việc năng động."
30,Alexander Cook,88,"Ứng viên Alexander Cook có điểm số 88 dựa trên phân tích hồ sơ và mô tả công việc.  Alexander sở hữu kinh nghiệm chuyên sâu trong phát triển web với React và Next.js, phù hợp với yêu cầu công việc. Việc anh ấy đã làm việc với CrewAI và Vercel AI SDK cho thấy sự thành thạo trong việc tích hợp AI vào ứng dụng web, một điểm cộng lớn so với yêu cầu của mô tả công việc.  Kỹ năng của anh ấy về JavaScript, TypeScript, CSS, HTML, Git và RESTful APIs đều đáp ứng đầy đủ. Mặc dù tiểu sử không nêu rõ số năm kinh nghiệm, việc anh ấy đề cập đến các dự án phức tạp và sử dụng Vercel AI SDK cho thấy anh ấy có khả năng hơn mức kinh nghiệm 1-2 năm yêu cầu.  Tuy nhiên, thiếu thông tin cụ thể về số năm kinh nghiệm và mức độ đóng góp trong các dự án trước đây là điểm hạn chế nhỏ.  Việc anh ấy thích làm việc trong môi trường nhanh và hợp tác với nhóm cũng phù hợp với văn hoá làm việc năng động thường thấy trong các công ty công nghệ. Tiềm năng phát triển của Alexander được đánh giá cao dựa trên kinh nghiệm hiện tại và khả năng thích nghi với công nghệ mới.  Tổng hợp lại, Alexander là một ứng viên rất mạnh, phù hợp với yêu cầu công việc và có tiềm năng phát triển tốt.  Điểm số 88 phản ánh sự phù hợp cao của ứng viên, với một chút trừ điểm vì thiếu thông tin cụ thể về kinh nghiệm làm việc."
24,Ethan Reed,85,"Ứng viên Ethan Reed thể hiện tiềm năng mạnh mẽ cho vị trí Lập Trình Viên React Junior.  Anh ấy tự học và có kinh nghiệm với full-stack development, đặc biệt là React, Next.js, và Vercel AI SDK – tất cả đều phù hợp trực tiếp với yêu cầu công việc. Việc anh ấy đã xây dựng nhiều ứng dụng web sử dụng các công nghệ này cho thấy khả năng thực hành và sự am hiểu về công nghệ.  Mặc dù tiểu sử không nêu rõ số năm kinh nghiệm cụ thể, việc anh ấy tự tin xây dựng các ứng dụng phức tạp cho thấy khả năng giải quyết vấn đề và sự chủ động.  Tuy nhiên, điểm số không đạt 100 vì tiểu sử thiếu thông tin về kinh nghiệm làm việc chuyên nghiệp (1-2 năm như yêu cầu công việc) và kỹ năng mềm như làm việc nhóm được đề cập sơ sài.  Sự thích thú của anh ấy với các dự án AI cũng phù hợp với hướng phát triển của công ty.  Để đạt điểm cao hơn,  Ethan cần cung cấp thêm thông tin về kinh nghiệm làm việc cụ thể, dự án đã hoàn thành, và minh chứng cho kỹ năng làm việc nhóm.  Nhìn chung, tiềm năng phát triển của anh ấy rất cao, và với sự hướng dẫn thích hợp, anh ấy sẽ nhanh chóng trở thành một lập trình viên giỏi."
5,Tom Brown,82,"Tom Brown có kinh nghiệm phát triển khá phù hợp với yêu cầu của vị trí Lập trình viên React Junior.  Tuy nhiên, vị trí này yêu cầu kinh nghiệm 1-2 năm, trong khi tiểu sử không nêu rõ số năm kinh nghiệm cụ thể của Tom.  Việc anh ấy đã làm việc trên các dự án thương mại sử dụng React và Next.js là một điểm cộng lớn.  Kinh nghiệm xây dựng website và nền tảng thương mại điện tử, tối ưu hóa hiệu năng và SEO cho thấy anh ấy có kỹ năng thực tiễn tốt.  Thành thạo REST API cũng rất phù hợp.  Tuy nhiên, mô tả công việc nhấn mạnh việc tích hợp Vercel AI SDK, mà tiểu sử không đề cập đến.  Điều này cho thấy Tom có thể cần thêm thời gian để làm quen với công nghệ này.  Mặc dù tiểu sử không đề cập đến các kỹ năng mềm như làm việc nhóm hay khả năng giải quyết vấn đề, nhưng dựa trên kinh nghiệm xây dựng các dự án, ta có thể giả định rằng anh ấy có những kỹ năng này ở mức độ nhất định.  Do đó, điểm số 82 phản ánh kinh nghiệm thực tiễn tốt của Tom, sự phù hợp với phần lớn yêu cầu công việc, nhưng cần đánh giá thêm về kinh nghiệm cụ thể và khả năng làm việc với Vercel AI SDK trong quá trình phỏng vấn."
6,Kate Adams,82,"Kate Adams thể hiện tiềm năng tốt cho vị trí Lập trình Viên React Junior.  Cô ấy có kinh nghiệm với phát triển front-end, đặc biệt là sự am hiểu về Vercel AI SDK, một điểm cộng rất lớn so với yêu cầu công việc.  Kinh nghiệm sử dụng CrewAI cũng cho thấy sự quan tâm và khả năng làm việc với các công nghệ AI, phù hợp với định hướng của dự án.  Tuy nhiên, tiểu sử không nêu rõ kinh nghiệm cụ thể với React và Next.js (chỉ nói đến ""kinh nghiệm sử dụng""), vì vậy tôi không thể chắc chắn về độ thành thạo của cô ấy với các framework này.  Thiếu thông tin về kinh nghiệm 1-2 năm như yêu cầu cũng là một điểm trừ.  Mặc dù vậy, sự đam mê công nghệ và mong muốn làm việc với các dự án tiên tiến được thể hiện rõ trong tiểu sử cho thấy tiềm năng phát triển nhanh chóng.  Việc cô ấy đã làm việc với các dự án liên quan đến cải thiện tương tác người dùng và cá nhân hóa cho thấy khả năng giải quyết vấn đề và sự nhạy bén với trải nghiệm người dùng.  Nhìn chung, với sự hướng dẫn đúng đắn, Kate có thể nhanh chóng đáp ứng các yêu cầu công việc và trở thành một nhân viên hiệu quả.  Tôi đánh giá cao sự phù hợp về kỹ năng AI và khả năng thích nghi, nhưng cần thêm thông tin về kinh nghiệm cụ thể với React và Next.js để có đánh giá chính xác hơn."
14,Matthew Evans,82,"Ứng viên Matthew Evans thể hiện tiềm năng tốt cho vị trí Lập trình Viên React Junior.  Mặc dù tiểu sử không nêu rõ kinh nghiệm cụ thể với Next.js và số năm kinh nghiệm chỉ được mô tả là ""kinh nghiệm"",  điều này cần được làm rõ thêm trong quá trình phỏng vấn. Tuy nhiên, kinh nghiệm của anh ấy với phát triển full-stack, đặc biệt là các ứng dụng front-end AI-driven,  cho thấy khả năng thích ứng nhanh chóng với công nghệ mới. Việc anh ấy đã làm việc với Vercel AI SDK và CrewAI, những công nghệ liên quan chặt chẽ đến yêu cầu công việc, là một điểm cộng lớn.  Kỹ năng về JavaScript, TypeScript, CSS, và HTML được đề cập trong tiểu sử đáp ứng yêu cầu công việc.  Kinh nghiệm với Git và RESTful APIs cũng được cho là có, tuy nhiên chi tiết cần được làm rõ thêm.  Mặc dù tiểu sử không cung cấp thông tin về kỹ năng làm việc nhóm hay khả năng giải quyết vấn đề, nhưng sự đam mê với việc tạo ra các ứng dụng web hiệu suất cao và khả năng xử lý các thách thức kỹ thuật phức tạp cho thấy tiềm năng phát triển mạnh mẽ.  Do đó, điểm số 82 được đánh giá dựa trên kinh nghiệm liên quan, kỹ năng hiện có và tiềm năng phát triển.  Việc thiếu thông tin chi tiết về kinh nghiệm cụ thể với Next.js, số năm kinh nghiệm, và kỹ năng mềm  làm giảm điểm số.  Một buổi phỏng vấn sẽ giúp làm rõ hơn những điểm này và có thể điều chỉnh điểm số sau đó."
19,Emma Mitchell,82,"Ứng viên Emma Mitchell đạt điểm 82/100 dựa trên phân tích hồ sơ và so sánh với mô tả công việc.  Emma sở hữu các kỹ năng cốt lõi cần thiết như kinh nghiệm tích hợp AI vào dự án front-end, thành thạo Vercel AI SDK (một lợi thế lớn so với yêu cầu công việc), và làm việc với CrewAI. Điều này cho thấy sự phù hợp tốt về kỹ năng. Tuy nhiên, hồ sơ không nêu rõ kinh nghiệm cụ thể với React và Next.js, hai công nghệ then chốt trong mô tả công việc.  Việc thiếu thông tin về số năm kinh nghiệm cụ thể với React và Next.js khiến việc đánh giá kinh nghiệm liên quan bị hạn chế.  Mặc dù hồ sơ không đề cập trực tiếp đến sự phù hợp với văn hóa công ty, nhưng việc Emma mong muốn tham gia một nhóm để đóng góp kỹ năng và phát triển cho thấy sự tích cực và chủ động, đây là những phẩm chất tích cực. Tiềm năng phát triển của Emma được đánh giá cao nhờ kỹ năng tích hợp AI mạnh mẽ và sự nhiệt tình trong công việc.  Tổng kết lại, điểm số 82 phản ánh sự phù hợp tốt về kỹ năng AI và tiềm năng phát triển, nhưng cần thêm thông tin về kinh nghiệm thực tế với React và Next.js để có đánh giá toàn diện hơn."
25,Abigail Ward,82,"Abigail Ward thể hiện tiềm năng tốt cho vị trí Lập Trình Viên React Junior.  Cô ấy có kinh nghiệm với React và tích hợp AI vào ứng dụng web, đặc biệt là sử dụng Vercel AI SDK – một điểm cộng lớn so với yêu cầu công việc.  Kinh nghiệm của cô ấy về việc tạo ra các ứng dụng vừa đáp ứng chức năng vừa hấp dẫn về mặt hình ảnh cho thấy sự quan tâm đến trải nghiệm người dùng, điều quan trọng trong phát triển web. Tuy nhiên, mô tả công việc đề cập đến kinh nghiệm với Next.js, trong khi tiểu sử của Abigail không đề cập đến điều này.  Việc thiếu kinh nghiệm rõ ràng với Next.js khiến điểm số không đạt mức cao hơn.  Mặc dù cô ấy có kỹ năng React mạnh mẽ và kinh nghiệm liên quan đến AI, việc thiếu kinh nghiệm cụ thể với Next.js là một rào cản cần được xem xét.  Tiềm năng phát triển của Abigail là khá cao, cô ấy dường như là một người học nhanh chóng và đam mê, điều này có thể bù đắp cho thiếu hụt kinh nghiệm cụ thể với Next.js.  Với sự hướng dẫn và đào tạo phù hợp, Abigail có thể nhanh chóng nắm bắt được Next.js và trở thành một thành viên có giá trị trong nhóm.  Do đó, điểm số 82 phản ánh sự kết hợp giữa kinh nghiệm hiện tại, kỹ năng liên quan và tiềm năng phát triển của ứng viên."
28,Benjamin Turner,82,"Ứng viên Benjamin Turner có điểm số 82/100 dựa trên phân tích hồ sơ và so sánh với mô tả công việc.  Benjamin sở hữu kinh nghiệm phát triển front-end với các công nghệ hiện đại và tích hợp AI, thể hiện qua việc sử dụng Vercel AI SDK và CrewAI trong các dự án trước đây.  Điều này cho thấy sự phù hợp cao với yêu cầu công việc, đặc biệt là kinh nghiệm tích hợp AI thông qua Vercel AI SDK.  Tuy nhiên, tiểu sử không nêu rõ kinh nghiệm cụ thể với React và Next.js, chỉ đề cập đến kinh nghiệm phát triển front-end nói chung.  Thiếu thông tin cụ thể về số năm kinh nghiệm với React và Next.js làm giảm điểm số.  Mặc dù kinh nghiệm với CrewAI không được đề cập trực tiếp trong mô tả công việc, nhưng nó thể hiện sự năng động và khả năng thích ứng với các công nghệ mới, đây là những điểm cộng.  Khả năng làm việc độc lập và chủ động, cũng như đam mê xây dựng ứng dụng web mở rộng được đề cập trong tiểu sử, cho thấy tiềm năng phát triển tốt.  Để đạt điểm số cao hơn, Benjamin cần cung cấp thêm thông tin chi tiết về kinh nghiệm cụ thể với React và Next.js, cũng như các dự án liên quan đến việc xây dựng và triển khai ứng dụng web.  Sự phù hợp về văn hóa không thể đánh giá đầy đủ do thiếu thông tin trong tiểu sử.  Nhìn chung, Benjamin có kỹ năng và kinh nghiệm khá phù hợp với yêu cầu công việc, thể hiện tiềm năng phát triển tốt trong vai trò Lập trình Viên React Junior."
2,Sarah Lee,78,"Ứng viên Sarah Lee thể hiện tiềm năng tốt nhưng còn thiếu kinh nghiệm thực tế. Điểm mạnh của cô ấy là đã tự học và xây dựng được các dự án cá nhân ấn tượng như blog cá nhân phản hồi đầy đủ và ứng dụng quản lý tác vụ sử dụng React và Next.js. Điều này chứng tỏ khả năng tự học hỏi và làm việc độc lập.  Cô ấy cũng thể hiện sự phù hợp với văn hóa công ty thông qua việc nhấn mạnh khả năng làm việc nhóm và tinh thần hợp tác. Tuy nhiên, yêu cầu công việc đòi hỏi 1-2 năm kinh nghiệm thực tế, mà Sarah hiện chưa đáp ứng. Kinh nghiệm của cô ấy chủ yếu là tự học và xây dựng dự án cá nhân, chưa đủ để chứng minh khả năng xử lý các vấn đề phức tạp trong môi trường làm việc chuyên nghiệp.  Việc chưa quen thuộc với Vercel AI SDK cũng là một điểm trừ.  Tuy nhiên, khả năng tiếp thu nhanh chóng và sự đam mê công nghệ của Sarah là những điểm cộng lớn.  Với sự hướng dẫn và đào tạo phù hợp, cô ấy hoàn toàn có thể phát triển nhanh chóng và trở thành một lập trình viên giỏi.  Do đó, điểm số 78 phản ánh tiềm năng phát triển cao của Sarah, nhưng cũng chỉ ra sự thiếu sót về kinh nghiệm thực tế cần được khắc phục."
9,James Wilson,78,"James Wilson thể hiện tiềm năng tốt cho vị trí Lập trình viên React Junior.  Điểm mạnh của anh ấy nằm ở kinh nghiệm làm việc với React, sự háo hức khám phá các dự án AI và việc đã bắt đầu làm quen với Next.js và Vercel AI SDK. Điều này cho thấy anh ấy có khả năng thích nghi nhanh chóng và chủ động học hỏi công nghệ mới, phù hợp với yêu cầu công việc cần sự linh hoạt và khả năng tiếp thu kiến thức.  Tuy nhiên, kinh nghiệm thực tế của anh ấy với Next.js và Vercel AI SDK còn hạn chế (chỉ ở mức thử nghiệm), chưa đáp ứng đầy đủ yêu cầu 1-2 năm kinh nghiệm của mô tả công việc.  Thêm vào đó, hồ sơ không cung cấp thông tin cụ thể về kỹ năng JavaScript, TypeScript, CSS, HTML, Git và RESTful APIs,  mặc dù mô tả công việc yêu cầu thành thạo các kỹ năng này.  Sự thiếu thông tin cụ thể về kinh nghiệm thực tế khiến việc đánh giá toàn diện khả năng của anh ấy trở nên khó khăn.  Mặc dù vậy, sự nhiệt tình, khả năng thích nghi và tiềm năng phát triển của James là những điểm cộng đáng kể.  Với sự hướng dẫn và đào tạo phù hợp, anh ấy có thể nhanh chóng phát triển và trở thành một thành viên có giá trị trong nhóm. Vì vậy, điểm số 78 phản ánh sự phù hợp tương đối tốt, nhưng vẫn cần thêm thông tin để có đánh giá chính xác hơn."
11,Jessica Brown,78,"Jessica Brown thể hiện tiềm năng tốt cho vị trí Lập trình viên React Junior.  Cô ấy có nền tảng vững chắc về React và Next.js, được chứng minh qua kinh nghiệm thực tập xây dựng ứng dụng web đáp ứng.  Điều này đáp ứng phần lớn yêu cầu về kỹ năng của mô tả công việc.  Tuy nhiên, kinh nghiệm thực tế của cô ấy chỉ giới hạn trong thời gian thực tập, chưa đạt đến mức 1-2 năm như yêu cầu.  Việc chưa có kinh nghiệm với Vercel AI SDK cũng là một điểm trừ.  Tuy nhiên, sự háo hức học hỏi và mong muốn phát triển kỹ năng trong công nghệ AI là một điểm cộng lớn.  Khả năng làm việc nhóm và giải quyết vấn đề (dựa trên mô tả tiểu sử) được giả định là tốt, cần được xác nhận thêm trong quá trình phỏng vấn.  Tổng thể, Jessica có sự phù hợp tốt về kỹ năng cốt lõi,  nhưng thiếu kinh nghiệm thực tế và chưa có kinh nghiệm với Vercel AI SDK.  Với sự hướng dẫn và đào tạo phù hợp, cô ấy có tiềm năng phát triển nhanh chóng và trở thành một thành viên giá trị của nhóm.  Điểm số 78 phản ánh tiềm năng lớn của cô ấy, nhưng cũng nhấn mạnh sự cần thiết của việc bổ sung kinh nghiệm thực tế."
16,Joshua Harris,78,"Joshua Harris có kinh nghiệm phát triển web với React và Next.js, phù hợp với yêu cầu của vị trí Lập trình viên React Junior.  Kinh nghiệm của anh ấy trong việc xây dựng các ứng dụng web quy mô lớn cho các nền tảng thương mại điện tử cho thấy khả năng xử lý các dự án phức tạp. Việc thành thạo React và Next.js là điểm cộng lớn. Tuy nhiên, mô tả công việc nhấn mạnh việc tích hợp Vercel AI SDK, mà tiểu sử của Joshua không đề cập đến.  Mặc dù anh ấy thể hiện sự chủ động trong việc tìm kiếm những cách cải tiến code và thích môi trường làm việc năng động, phù hợp với văn hóa công ty, nhưng thiếu kinh nghiệm cụ thể với Vercel AI SDK có thể là một điểm trừ.  Với 1-2 năm kinh nghiệm được yêu cầu,  kinh nghiệm của Joshua có thể nằm ngoài phạm vi này, cần làm rõ thêm.  Tiềm năng phát triển của anh ấy là khá tốt, dựa trên kinh nghiệm hiện tại và tinh thần cầu tiến.  Vì vậy, điểm số 78 phản ánh sự phù hợp tốt, nhưng cần thêm thông tin về thời gian kinh nghiệm cụ thể và kinh nghiệm với các công nghệ AI để đánh giá chính xác hơn."
17,Chloe Turner,78,"Chloe Turner thể hiện tiềm năng tốt cho vị trí Lập trình Viên React Junior. Cô ấy có kinh nghiệm với Vercel AI SDK, một điểm cộng lớn phù hợp với yêu cầu công việc.  Tuy nhiên, tiểu sử không đề cập đến kinh nghiệm cụ thể với React và Next.js,  chỉ đề cập đến sự đam mê với ứng dụng AI và sử dụng CrewAI. Điều này gây ra một chút lo ngại về kinh nghiệm thực tế liên quan đến công việc.  Mặc dù thiếu kinh nghiệm cụ thể với React và Next.js,  sự thành thạo của cô ấy với Vercel AI SDK và sự đam mê với các ứng dụng AI cho thấy khả năng thích nghi và học hỏi nhanh chóng.  Kỹ năng giải quyết vấn đề và khả năng làm việc độc lập được ngụ ý qua tiểu sử nhưng cần được kiểm chứng thêm trong quá trình phỏng vấn.  Tổng thể, Chloe có tiềm năng phát triển tốt trong môi trường làm việc này, nhưng cần có thêm thông tin về kinh nghiệm thực tế với React và Next.js để đánh giá đầy đủ hơn.  Điểm số 78 phản ánh tiềm năng và sự phù hợp một phần của cô ấy với yêu cầu công việc, nhưng cũng nhấn mạnh sự cần thiết phải đánh giá thêm thông qua phỏng vấn để xác nhận kinh nghiệm thực tế."
18,Luke Roberts,78,"Ứng viên Luke Roberts có tiềm năng tốt cho vị trí Lập trình viên React Junior.  Điểm mạnh của anh ấy nằm ở sự tập trung vào việc xây dựng ứng dụng React thân thiện với người dùng và hiểu biết vững chắc về kiến thức cơ bản front-end.  Việc anh ấy thể hiện mong muốn học hỏi các công nghệ tiên tiến như Next.js và tích hợp AI là một điểm cộng.  Tuy nhiên, tiểu sử chưa đề cập đến kinh nghiệm cụ thể với Next.js và Vercel AI SDK, điều này là yêu cầu quan trọng của mô tả công việc.  Mặc dù anh ấy có thể nhanh chóng học hỏi và thích nghi, việc thiếu kinh nghiệm thực tế có thể làm chậm quá trình làm việc ban đầu.  Kỹ năng JavaScript, TypeScript, CSS và HTML được đề cập là những điểm cộng.  Việc thiếu thông tin về kinh nghiệm với Git và RESTful APIs cần được làm rõ thêm.  Nhìn chung, với sự nhiệt tình, khả năng học hỏi nhanh và nền tảng kiến thức tốt, Luke có tiềm năng phát triển mạnh mẽ trong vai trò này, nhưng cần thêm thông tin để đánh giá chính xác hơn về kinh nghiệm thực tế.  Điểm số 78 phản ánh tiềm năng và sự phù hợp một phần của ứng viên, nhưng cần thêm thông tin để đảm bảo sự phù hợp hoàn toàn."
20,Henry Garcia,78,"Henry Garcia là một ứng viên tiềm năng cho vị trí Lập trình Viên React Junior. Điểm mạnh của anh ấy nằm ở sự đam mê với AI và kinh nghiệm thực tế với Next.js và Vercel AI SDK, điều này rất phù hợp với yêu cầu của công việc.  Việc anh ấy đã hoàn thành các dự án sử dụng Next.js và Vercel AI SDK cho thấy khả năng ứng dụng kiến thức vào thực tế.  Tuy nhiên, điểm yếu nằm ở kinh nghiệm làm việc thực tế.  Mô tả công việc yêu cầu 1-2 năm kinh nghiệm, trong khi Henry mới tốt nghiệp. Điều này có nghĩa là anh ấy thiếu kinh nghiệm trong môi trường làm việc chuyên nghiệp, bao gồm cả việc làm việc nhóm, quản lý thời gian và giải quyết các vấn đề phức tạp trong môi trường sản xuất.  Mặc dù vậy, tiềm năng phát triển của Henry rất cao.  Sự đam mê, khả năng tự học hỏi và các dự án cá nhân cho thấy anh ấy có thể nhanh chóng thích nghi và phát triển trong môi trường làm việc.  Do đó, điểm số 78 phản ánh sự cân bằng giữa những điểm mạnh (kỹ năng, đam mê, phù hợp với văn hóa công ty) và điểm yếu (thiếu kinh nghiệm chuyên nghiệp) của Henry.  Với sự hướng dẫn và đào tạo thích hợp, Henry hoàn toàn có thể trở thành một lập trình viên React Junior xuất sắc."
21,Grace Hill,78,"Grace Hill thể hiện tiềm năng tốt cho vị trí Lập trình viên React Junior.  Cô ấy có nền tảng vững chắc về phát triển web với React và JavaScript, được chứng minh qua các dự án cá nhân.  Tuy nhiên, kinh nghiệm thực tế của cô ấy còn hạn chế (thiếu 1-2 năm kinh nghiệm như yêu cầu) và chưa có kinh nghiệm với Next.js hay Vercel AI SDK.  Điểm mạnh của Grace là sự háo hức học hỏi và mong muốn phát triển kỹ năng trong Next.js và AI, điều này phù hợp với văn hoá công ty đề cao việc học hỏi và làm việc với công nghệ mới.  Việc cô ấy đã tự xây dựng các dự án cá nhân cho thấy khả năng tự học và giải quyết vấn đề.  Tuy nhiên, để đạt điểm cao hơn, Grace cần chứng minh thêm kinh nghiệm thực tế với Next.js và tích hợp AI.  Do đó, điểm số 78 phản ánh tiềm năng và sự phù hợp tương đối cao, nhưng vẫn cần thời gian để đạt được đầy đủ yêu cầu của công việc."
22,David Foster,78,"Ứng viên David Foster có kinh nghiệm phát triển React và Next.js ở mức trung cấp, đáp ứng một phần yêu cầu của vị trí Lập trình viên React Junior.  Điểm mạnh của anh ấy là kinh nghiệm xây dựng ứng dụng web responsive và làm việc với các dự án thương mại điện tử, cho thấy khả năng ứng dụng kiến thức vào thực tiễn. Việc anh ấy đã bắt đầu tìm hiểu và sử dụng Vercel AI SDK là một điểm cộng, thể hiện sự chủ động và phù hợp với yêu cầu của mô tả công việc. Tuy nhiên, mô tả công việc yêu cầu kinh nghiệm từ 1-2 năm, trong khi tiểu sử không nêu rõ số năm kinh nghiệm của David. Điều này gây ra một chút lo ngại về mức độ phù hợp hoàn toàn với yêu cầu kinh nghiệm.  Hơn nữa, tiểu sử không đề cập đến các kỹ năng khác như TypeScript, Git, RESTful APIs, hay kỹ năng làm việc nhóm, giải quyết vấn đề chi tiết.  Mặc dù tiềm năng phát triển của anh ấy là khá tốt,  nhưng thiếu thông tin cụ thể về kinh nghiệm và kỹ năng khiến tôi không thể đánh giá cao hơn. Vì vậy, điểm số 78 phản ánh sự phù hợp tương đối tốt, nhưng cần thêm thông tin để khẳng định khả năng đáp ứng đầy đủ yêu cầu công việc."
26,Aiden Bailey,78,"Ứng viên Aiden Bailey có một số điểm mạnh phù hợp với vị trí Lập trình viên React Junior. Kinh nghiệm của anh ấy với tư cách là một full-stack developer, đặc biệt là sự tập trung vào các công nghệ front-end và các công cụ AI, cho thấy tiềm năng phát triển tốt. Việc anh ấy đã làm việc với CrewAI và Vercel AI SDK cho thấy sự quen thuộc với các công nghệ liên quan đến mô tả công việc.  Tuy nhiên, mô tả công việc yêu cầu 1-2 năm kinh nghiệm với React và Next.js, trong khi tiểu sử không nêu rõ số năm kinh nghiệm cụ thể trong các công nghệ này.  Mặc dù anh ấy có kinh nghiệm với các công nghệ liên quan và AI,  việc thiếu thông tin rõ ràng về kinh nghiệm với React và Next.js làm giảm điểm số.  Thêm vào đó,  sự háo hức của anh ấy trong việc hướng dẫn các lập trình viên junior cho thấy tiềm năng lãnh đạo và khả năng làm việc nhóm tốt, nhưng không trực tiếp liên quan đến các yêu cầu chính của vị trí này.  Do đó, điểm số 78 phản ánh sự phù hợp tương đối tốt, với tiềm năng cao nhưng cần thêm thông tin về kinh nghiệm cụ thể với React và Next.js để có đánh giá chính xác hơn."
27,Lily King,78,"Ứng viên Lily King thể hiện tiềm năng tốt cho vị trí Lập trình Viên React Junior. Điểm mạnh của cô ấy là sự quan tâm đến các dự án AI và việc đang tích cực học tập Next.js, phù hợp với yêu cầu công việc.  Tuy nhiên, kinh nghiệm thực tế của cô ấy còn hạn chế, chỉ dựa trên các dự án cá nhân. Điều này giải thích điểm số không quá cao.  Cô ấy có hiểu biết vững chắc về React, nhưng chưa có kinh nghiệm thực tế với Next.js và Vercel AI SDK.  Kinh nghiệm 1-2 năm được yêu cầu là một tiêu chí quan trọng mà Lily hiện chưa đáp ứng.  Mặc dù chưa có kinh nghiệm chuyên nghiệp, sự chủ động học tập và đam mê với công nghệ mới cho thấy tiềm năng phát triển tốt.  Nếu được đào tạo và hướng dẫn bài bản, Lily có thể nhanh chóng thích nghi và đóng góp hiệu quả cho nhóm.  Do đó, điểm số 78 phản ánh tiềm năng của Lily, cần cân nhắc thêm về kinh nghiệm thực tế thiếu sót."
29,Zoe Barnes,78,"Zoe Barnes thể hiện tiềm năng tốt cho vị trí Lập trình viên React Junior.  Tuy nhiên, kinh nghiệm thực tế của cô ấy vẫn còn hạn chế. Điểm mạnh của Zoe nằm ở sự đam mê học hỏi công nghệ mới, đặc biệt là React và các ứng dụng web dựa trên AI, điều này rất phù hợp với yêu cầu công việc. Việc cô ấy đã tự xây dựng các dự án cá nhân cho thấy khả năng tự học và giải quyết vấn đề.  Tuy nhiên, mô tả tiểu sử không đề cập đến kinh nghiệm cụ thể với Next.js hay Vercel AI SDK, đây là những yêu cầu quan trọng của công việc.  Kinh nghiệm 1-2 năm được yêu cầu trong mô tả công việc dường như chưa được đáp ứng đầy đủ.  Mặc dù thiếu kinh nghiệm thực tế, sự nhiệt tình và khả năng học hỏi nhanh chóng của Zoe có thể bù đắp phần nào.  Với sự hướng dẫn và đào tạo phù hợp, cô ấy có thể phát triển nhanh chóng và trở thành một thành viên có giá trị của đội ngũ.  Do đó, điểm số 78 phản ánh tiềm năng phát triển cao của Zoe, song cần thêm kinh nghiệm thực tiễn để đáp ứng đầy đủ yêu cầu công việc."
1,John Doe,72,"Ứng viên John Doe thể hiện tiềm năng tốt với sự đam mê và kiến thức nền tảng vững chắc về các công nghệ front-end.  Tuy nhiên, kinh nghiệm thực tế của anh ấy còn hạn chế, chỉ dựa trên các dự án trong bootcamp.  Điểm mạnh của John là thành thạo React, CSS, và HTML, đáp ứng một phần yêu cầu công việc. Anh ấy cũng thể hiện khả năng học hỏi nhanh và chú trọng đến chi tiết.  Tuy nhiên, mô tả công việc yêu cầu kinh nghiệm 1-2 năm với React và Next.js, mà John hiện chưa đáp ứng.  Việc thiếu kinh nghiệm với Next.js và Vercel AI SDK cũng là những điểm yếu.  Mặc dù chưa có kinh nghiệm với Vercel AI SDK, nhưng khả năng học hỏi nhanh của John có thể giúp anh ấy thích ứng nhanh chóng.  Do đó, điểm số 72 phản ánh tiềm năng phát triển của ứng viên và khả năng học hỏi nhanh, nhưng cũng nhấn mạnh thiếu kinh nghiệm thực tế cần thiết cho vị trí.  Để đạt được điểm số cao hơn, John cần chứng minh kinh nghiệm làm việc thực tế với Next.js và tích hợp các công nghệ AI."
3,Michael Young,72,"Ứng viên Michael Young thể hiện tiềm năng tốt nhưng vẫn còn thiếu kinh nghiệm thực tế cần thiết cho vị trí Lập trình viên React Junior. Điểm mạnh của anh ấy là sở hữu kỹ năng React tốt, được chứng minh qua dự án capstone. Anh ấy cũng thể hiện đam mê công nghệ và mong muốn làm việc trong môi trường năng động, điều này phù hợp với văn hóa công ty. Tuy nhiên, yêu cầu công việc đòi hỏi 1-2 năm kinh nghiệm với React và Next.js, trong khi Michael mới tốt nghiệp bootcamp.  Kinh nghiệm của anh ấy với Next.js, TypeScript và Vercel AI SDK hầu như không được đề cập, đây là những yêu cầu quan trọng của vị trí.  Mặc dù anh ấy có thể học hỏi nhanh chóng và có tiềm năng phát triển, nhưng thiếu kinh nghiệm thực tế sẽ khiến anh ấy cần nhiều thời gian đào tạo hơn so với ứng viên khác. Vì vậy, điểm số 72 phản ánh tiềm năng và kỹ năng hiện tại của anh ấy,  nhưng cũng chỉ ra khoảng cách giữa trình độ hiện tại và yêu cầu công việc."
13,Olivia Clark,72,"Olivia Clark thể hiện sự đam mê với phát triển web và kinh nghiệm tự học React.  Tuy nhiên, điểm số 72 phản ánh một số hạn chế.  Mô tả công việc yêu cầu 1-2 năm kinh nghiệm với React và Next.js, trong khi tiểu sử chỉ đề cập đến các dự án cá nhân.  Mặc dù cô ấy có kiến thức cơ bản về tích hợp AI, kinh nghiệm thực tế với Vercel AI SDK là thiếu.  Điểm mạnh của Olivia là sự chủ động, khả năng tự học hỏi và đam mê.  Điều này cho thấy tiềm năng phát triển tốt nếu được đào tạo và hướng dẫn đúng cách.  Kỹ năng giải quyết vấn đề được đề cập cũng là một điểm cộng.  Tuy nhiên, thiếu thông tin về kinh nghiệm làm việc nhóm và kỹ năng giao tiếp khiến việc đánh giá toàn diện gặp khó khăn.  Để đạt điểm số cao hơn, Olivia cần bổ sung kinh nghiệm thực tế với Next.js và Vercel AI SDK, cùng với minh chứng rõ ràng hơn về kỹ năng làm việc nhóm và giao tiếp."
23,Isabella Russell,68,"Ứng viên Isabella Russell có tiềm năng nhưng chưa đáp ứng đầy đủ các yêu cầu của vị trí Lập trình viên React Junior. Điểm mạnh của cô ấy là đam mê học hỏi công nghệ mới và đã hoàn thành một số khóa học online, xây dựng các dự án cá nhân, thể hiện sự chủ động trong việc trau dồi kỹ năng.  Tuy nhiên, điểm yếu lớn nhất là kinh nghiệm thực tế còn thiếu sót. Mô tả công việc yêu cầu 1-2 năm kinh nghiệm với React và Next.js, trong khi Isabella chỉ có kiến thức cơ bản về React và chưa có kinh nghiệm với Next.js.  Kinh nghiệm với Vercel AI SDK cũng là một lợi thế nhưng Isabella không đề cập đến điều này trong hồ sơ.  Mặc dù cô ấy thể hiện sự đam mê và khả năng học hỏi nhanh, nhưng việc thiếu kinh nghiệm thực tế có thể gây khó khăn trong việc đáp ứng các yêu cầu công việc ngay lập tức.  Về sự phù hợp văn hóa, hồ sơ không cung cấp đủ thông tin để đánh giá.  Tiềm năng phát triển của Isabella là khá tốt, cô ấy có thể nhanh chóng học hỏi và thích nghi với môi trường làm việc mới nếu được đào tạo và hướng dẫn phù hợp.  Nhìn chung, điểm số 68 phản ánh tiềm năng của Isabella nhưng cũng chỉ ra sự thiếu hụt kinh nghiệm cần thiết cho vị trí này.  Để đạt điểm cao hơn, Isabella cần bổ sung kinh nghiệm thực tế với Next.js và các công nghệ liên quan, cũng như chứng minh kỹ năng giải quyết vấn đề và làm việc nhóm thông qua các dự án hoặc ví dụ cụ thể trong hồ sơ."
8,Emily Davis,45,"Ứng viên Emily Davis thể hiện sự đam mê và mong muốn học hỏi trong lĩnh vực phát triển web, điều này rất tích cực. Tuy nhiên, dựa trên mô tả tiểu sử, cô ấy chỉ là một nhà phát triển mới bắt đầu với kiến thức cơ bản về HTML, CSS và JavaScript.  Mô tả công việc yêu cầu 1-2 năm kinh nghiệm với React và Next.js,  kỹ năng thành thạo JavaScript, TypeScript, kinh nghiệm với Git và RESTful APIs, và quen thuộc với Vercel AI SDK.  Emily hiện chưa đáp ứng được các yêu cầu kinh nghiệm này.  Mặc dù cô ấy thể hiện động lực học hỏi và tiềm năng phát triển,  nhưng thiếu kinh nghiệm thực tế cần thiết cho vị trí Lập trình Viên React Junior.  Việc cô ấy chưa có kinh nghiệm làm việc nhóm và thực hiện các dự án thực tế cũng là một hạn chế lớn.  Do đó, điểm số 45 phản ánh tiềm năng của Emily nhưng cũng chỉ ra sự thiếu kinh nghiệm cần thiết cho vị trí này.  Với thêm thời gian học tập và thực hành, Emily có thể trở thành một ứng viên phù hợp hơn trong tương lai."
15,Sophia Baker,42,"Ứng viên Sophia Baker thể hiện sự nhiệt tình và hứng thú với công việc lập trình viên React Junior, đặc biệt là với ứng dụng web dựa trên AI. Tuy nhiên, dựa trên mô tả tiểu sử, kinh nghiệm thực tế của cô ấy vẫn còn rất hạn chế.  Cô ấy mới bắt đầu học React và xây dựng các dự án cá nhân, chưa có kinh nghiệm thực tế trong môi trường làm việc chuyên nghiệp. Yêu cầu công việc cần 1-2 năm kinh nghiệm với React và Next.js, trong khi Sophia chưa đáp ứng được điều này.  Mặc dù cô ấy thể hiện sự quan tâm đến Vercel AI SDK, một điểm cộng, nhưng thiếu kinh nghiệm thực tế với Next.js và các công nghệ liên quan khác là một điểm trừ lớn.  Về kỹ năng mềm, Sophia cho thấy khả năng làm việc nhóm và mong muốn học hỏi, đây là những điểm tích cực. Tuy nhiên,  thiếu kinh nghiệm thực tế sẽ ảnh hưởng đến khả năng đáp ứng ngay lập tức các yêu cầu công việc.  Nhìn chung, tiềm năng phát triển của Sophia là tốt, nhưng ở thời điểm hiện tại, cô ấy chưa đủ điều kiện đáp ứng đầy đủ các yêu cầu của vị trí Lập trình viên React Junior. Do đó, điểm số 42 phản ánh tiềm năng của cô ấy, nhưng cũng nhấn mạnh sự thiếu kinh nghiệm thực tế cần thiết cho vị trí này."
10,Amy White,25,"Ứng viên Amy White có kinh nghiệm phát triển phần mềm rất sâu rộng, vượt xa yêu cầu của vị trí Lập Trình Viên React Junior.  Tuy nhiên, điều này lại trở thành điểm yếu chính trong hồ sơ của cô ấy.  Mô tả công việc nhấn mạnh vào việc tìm kiếm một ứng viên JUNIOR với 1-2 năm kinh nghiệm trong React và Next.js. Amy lại là một Senior Developer với kinh nghiệm toàn diện trong phát triển full-stack và tích hợp AI, điều này cho thấy cô ấy có thể quá trình độ cho vị trí này.  Kinh nghiệm của Amy với các công cụ như CrewAI và Vercel AI SDK là một điểm cộng, tuy nhiên, nó không bù đắp được sự thiếu phù hợp về cấp bậc kinh nghiệm.  Cô ấy có thể không tìm thấy thách thức và động lực trong một vai trò Junior, và lương bổng cũng sẽ không phù hợp với trình độ của cô ấy.  Do đó, điểm số được gán cho Amy White là 25, phản ánh sự không phù hợp về cấp bậc kinh nghiệm và tiềm năng phát triển hạn chế trong vị trí này."
